{"cameraMode":{"drawMode":0,"name":"Shaded","section":"Shading Mode"},"sceneLighting":true,"audioPlay":false,"sceneViewState":{"showFog":false,"showMaterialUpdate":false,"showSkybox":false,"showFlares":false,"showImageEffects":false,"showParticleSystems":false},"in2DMode":false,"pivot":{"x":-43.60204315185547,"y":47.840396881103519,"z":-70.24995422363281},"rotation":{"x":-0.040490806102752689,"y":0.00299837626516819,"z":-0.00012049816723447293,"w":-0.9991754293441773},"size":58.2097282409668,"orthographic":false}